Level,CostMax,RegenRate,UpgradeCost,UnlockMeso,#Memo
1,200,1.0,120,0,"CostMax는 코스트 최대 보유량, RegenRate는 기본 회복 속도 배율(레벨당 1.25배 곱), UpgradeCost는 전투 중 이 레벨에서 다음 레벨로 올리는 코스트(0=마지막), UnlockMeso는 로비에서 이 레벨까지 한도를 여는 메소(0=기본 개방)"
2,400,1.25,240,0,"CostMax는 코스트 최대 보유량, RegenRate는 기본 회복 속도 배율(레벨당 1.25배 곱), UpgradeCost는 전투 중 이 레벨에서 다음 레벨로 올리는 코스트(0=마지막), UnlockMeso는 로비에서 이 레벨까지 한도를 여는 메소(0=기본 개방)"
3,800,1.5625,400,0,"CostMax는 코스트 최대 보유량, RegenRate는 기본 회복 속도 배율(레벨당 1.25배 곱), UpgradeCost는 전투 중 이 레벨에서 다음 레벨로 올리는 코스트(0=마지막), UnlockMeso는 로비에서 이 레벨까지 한도를 여는 메소(0=기본 개방)"
4,1200,1.9531,600,500,"CostMax는 코스트 최대 보유량, RegenRate는 기본 회복 속도 배율(레벨당 1.25배 곱), UpgradeCost는 전투 중 이 레벨에서 다음 레벨로 올리는 코스트(0=마지막), UnlockMeso는 로비에서 이 레벨까지 한도를 여는 메소(0=기본 개방)"
5,1600,2.4414,800,1000,"CostMax는 코스트 최대 보유량, RegenRate는 기본 회복 속도 배율(레벨당 1.25배 곱), UpgradeCost는 전투 중 이 레벨에서 다음 레벨로 올리는 코스트(0=마지막), UnlockMeso는 로비에서 이 레벨까지 한도를 여는 메소(0=기본 개방)"
6,2000,3.0518,1000,1500,"CostMax는 코스트 최대 보유량, RegenRate는 기본 회복 속도 배율(레벨당 1.25배 곱), UpgradeCost는 전투 중 이 레벨에서 다음 레벨로 올리는 코스트(0=마지막), UnlockMeso는 로비에서 이 레벨까지 한도를 여는 메소(0=기본 개방)"
7,2400,3.8147,1200,2000,"CostMax는 코스트 최대 보유량, RegenRate는 기본 회복 속도 배율(레벨당 1.25배 곱), UpgradeCost는 전투 중 이 레벨에서 다음 레벨로 올리는 코스트(0=마지막), UnlockMeso는 로비에서 이 레벨까지 한도를 여는 메소(0=기본 개방)"
8,2800,4.7684,1400,2500,"CostMax는 코스트 최대 보유량, RegenRate는 기본 회복 속도 배율(레벨당 1.25배 곱), UpgradeCost는 전투 중 이 레벨에서 다음 레벨로 올리는 코스트(0=마지막), UnlockMeso는 로비에서 이 레벨까지 한도를 여는 메소(0=기본 개방)"
9,3200,5.9605,1600,3000,"CostMax는 코스트 최대 보유량, RegenRate는 기본 회복 속도 배율(레벨당 1.25배 곱), UpgradeCost는 전투 중 이 레벨에서 다음 레벨로 올리는 코스트(0=마지막), UnlockMeso는 로비에서 이 레벨까지 한도를 여는 메소(0=기본 개방)"
10,3600,7.4506,0,4000,"CostMax는 코스트 최대 보유량, RegenRate는 기본 회복 속도 배율(레벨당 1.25배 곱), UpgradeCost는 전투 중 이 레벨에서 다음 레벨로 올리는 코스트(0=마지막), UnlockMeso는 로비에서 이 레벨까지 한도를 여는 메소(0=기본 개방)"
