EffectId,Type,Name,Duration,Power,Applies,Param,IconRuid,#Memo
nullify,nullify,공격 무효,3,0,target,,,자신에게 공격 무효를 건 적 몬스터에게 데미지를 입힐 수 없게 된다.
curse,curse,저주,5,50,target,,,걸린 유닛의 공격력이 Power(%)만큼 감소한다(50 = 절반). Duration = 지속 시간(초).
warp,warp,워프,1,3,target,,,
blow,blow,넉백,0.8,2,target,,,
poison,poison,독,5,5,target,,,걸린 몬스터가 지속 시간 동안 매초 Power만큼 피해를 받는다. 다시 걸리면 시간만 새로 고침(중첩 없음).
might,might,괴력,0,100,self,,,특성. 공격할 때마다 규칙의 확률(Chance)로 Power(%)만큼 추가 피해(100 = 2배).
titan,titan,타이탄,0,0,self,,,특성. 넉백되지 않는다(체력 구간 넉백과 날려버리기 모두 무시).
tough,tough,맷집,0,10,self,,,특성. 받는 모든 피해가 Power(%)만큼 줄어든다.
siege,siege,공성,0,0,self,,,특성. 몬스터를 공격하지 않고 지나가며 적 건물과 기지만 공격한다.
swamp,swamp,늪지대,0,0,self,,,특성. 독 피해를 받지 않고 독에 걸리지 않는다.
summon_slime,spawn,슬라임 소환,3,0,self,slime,,특성(소환 타워). Duration초마다 Param 유닛 하나를 건물 자리에 소환한다. 소환된 유닛의 레벨은 건물의 카드 레벨.
