StageId,Time,UnitId,Level
stage1,4,slime,1
stage1,10,slime,1
stage1,16,slime,1
stage1,28,slime,1
stage1,32,slime,1
stage1,38,mushmom,1
stage1,44,slime,1
stage1,54,slime,1
stage2,4,cellion,1
stage2,9,lioner,1
stage2,14,cellion,1
stage2,19,grupin,1
stage2,28,lioner,1
stage2,33,grupin,1
stage2,38,cellion,1
stage2,42,mushmom,1
stage2,47,grupin,1
stage2,56,lioner,1
stage3,4,lioner,2
stage3,9,grupin,2
stage3,19,lioner,2
stage3,24,darkyeti,2
stage3,29,grupin,2
stage3,38,grupin,2
stage3,43,darkyeti,2
stage3,48,lioner,2
stage3,57,darkyeti,2
stage4,4,bulldog,2
stage4,9,bulldog,2
stage4,14,harp,2
stage4,19,tauromacis,2
stage4,24,bulldog,2
stage4,29,taurospear,2
stage4,34,harp,2
stage4,39,tauromacis,2
stage4,44,bulldog,2
stage4,49,taurospear,2
stage4,54,harp,2
stage4,58,tauromacis,2
stage5,4,bulldog,3
stage5,8,harp,3
stage5,13,taurospear,3
stage5,18,bulldog,3
stage5,23,lycan,3
stage5,28,harp,3
stage5,33,taurospear,3
stage5,38,bulldog,3
stage5,43,lycan,3
stage5,48,harp,3
stage5,53,taurospear,3
stage5,60,jrbalrog,3
stage5,66,lycan,3
henesys_1,4,slime,1
henesys_1,9,mushroom,1
henesys_1,15,greenmushroom,1
henesys_1,20,slime,1
henesys_1,25,mushroom,1
henesys_1,31,red_snails,1
henesys_1,36,slime,1
henesys_1,42,mushroom,1
henesys_1,47,snail_legion,1
henesys_1,52,slime,1
henesys_1,58,mushroom,1
henesys_2,4,slime,1
henesys_2,9,mushroom,1
henesys_2,14,greenmushroom,1
henesys_2,20,slime,1
henesys_2,25,red_snails,1
henesys_2,30,snail_legion,1
henesys_2,35,mushroom,1
henesys_2,41,slime,1
henesys_2,46,greenmushroom,1
henesys_2,51,red_snails,1
henesys_2,56,mushroom,1
henesys_2,62,snail_legion,1
henesys_3,4,slime,1
henesys_3,9,mushroom,1
henesys_3,14,greenmushroom,1
henesys_3,19,slime,1
henesys_3,24,red_snails,1
henesys_3,30,snail_legion,1
henesys_3,35,mushroom,1
henesys_3,40,slime,1
henesys_3,45,greenmushroom,1
henesys_3,50,mushmom,1
henesys_3,55,mushroom,1
henesys_3,60,snail_legion,1
henesys_3,65,slime,1
henesys_4,4,slime,1
henesys_4,9,greenmushroom,1
henesys_4,14,mushroom,1
henesys_4,19,red_snails,1
henesys_4,24,slime,1
henesys_4,29,snail_legion,1
henesys_4,34,mushroom,1
henesys_4,39,mushmom,1
henesys_4,44,slime,1
henesys_4,49,greenmushroom,1
henesys_4,54,mushroom,1
henesys_4,59,red_snails,1
henesys_4,64,slime,1
henesys_4,69,snail_legion,1
henesys_5,4,slime,1
henesys_5,9,greenmushroom,1
henesys_5,14,mushroom,1
henesys_5,19,red_snails,1
henesys_5,24,slime,1
henesys_5,28,snail_legion,1
henesys_5,33,mushroom,1
henesys_5,38,mushmom,1
henesys_5,43,slime,1
henesys_5,50,mushmom,1
henesys_5,55,mushroom,1
henesys_5,60,red_snails,1
henesys_5,65,slime,1
henesys_5,69,greenmushroom,1
henesys_5,76,mushmom,1
perion_1,4,mushroom,1
perion_1,9,greenmushroom,1
perion_1,14,jrboogie,1
perion_1,20,mushroom,1
perion_1,25,greenmushroom,1
perion_1,30,golem,1
perion_1,35,mushroom,1
perion_1,41,greenmushroom,1
perion_1,51,mushroom,1
perion_1,56,greenmushroom,1
perion_2,4,mushroom,1
perion_2,9,greenmushroom,1
perion_2,14,jrboogie,1
perion_2,19,mushroom,1
perion_2,24,golem,1
perion_2,35,greenmushroom,1
perion_2,40,mushroom,1
perion_2,45,jrboogie,1
perion_2,50,mushmom,1
perion_2,55,greenmushroom,1
perion_3,4,mushroom,2
perion_3,9,greenmushroom,2
perion_3,14,jrboogie,2
perion_3,19,mushroom,2
perion_3,24,golem,2
perion_3,34,greenmushroom,2
perion_3,39,mushroom,2
perion_3,44,jrboogie,2
perion_3,49,mushmom,2
perion_3,54,greenmushroom,2
perion_3,64,mushroom,2
perion_4,4,mushroom,2
perion_4,9,jrboogie,2
perion_4,14,greenmushroom,2
perion_4,19,golem,2
perion_4,24,mushroom,2
perion_4,33,greenmushroom,2
perion_4,38,mushmom,2
perion_4,43,mushroom,2
perion_4,48,jrboogie,2
perion_4,53,greenmushroom,2
perion_4,58,golem,2
perion_4,63,mushroom,2
perion_4,69,golem,2
perion_5,4,mushroom,2
perion_5,9,jrboogie,2
perion_5,14,greenmushroom,2
perion_5,18,golem,2
perion_5,23,mushroom,2
perion_5,33,greenmushroom,2
perion_5,37,mushmom,2
perion_5,42,mushroom,2
perion_5,49,golem,2
perion_5,52,mushmom,2
perion_5,57,greenmushroom,2
perion_5,61,golem,2
perion_5,66,mushroom,2
perion_5,71,jrboogie,2
perion_5,78,mushmom,2
kerning_1,4,slime,2
kerning_1,9,jrboogie,2
kerning_1,14,lupin,2
kerning_1,19,slime,2
kerning_1,24,jrboogie,2
kerning_1,30,zombielupin,2
kerning_1,35,slime,2
kerning_1,40,jrboogie,2
kerning_1,50,slime,2
kerning_1,55,jrboogie,2
kerning_2,4,slime,2
kerning_2,9,jrboogie,2
kerning_2,14,lupin,2
kerning_2,19,slime,2
kerning_2,24,zombielupin,2
kerning_2,34,jrboogie,2
kerning_2,39,slime,2
kerning_2,44,lupin,2
kerning_2,49,skeleton,2
kerning_2,54,jrboogie,2
kerning_3,4,slime,3
kerning_3,9,jrboogie,3
kerning_3,14,lupin,3
kerning_3,19,slime,3
kerning_3,24,zombielupin,3
kerning_3,33,jrboogie,3
kerning_3,38,slime,3
kerning_3,43,lupin,3
kerning_3,48,skeleton,3
kerning_3,53,jrboogie,3
kerning_3,63,slime,3
kerning_4,4,slime,3
kerning_4,9,lupin,3
kerning_4,14,jrboogie,3
kerning_4,18,zombielupin,3
kerning_4,23,slime,3
kerning_4,33,jrboogie,3
kerning_4,37,skeleton,3
kerning_4,42,slime,3
kerning_4,47,lupin,3
kerning_4,52,jrboogie,3
kerning_4,56,zombielupin,3
kerning_4,61,slime,3
kerning_4,68,skeleton,3
kerning_5,4,slime,3
kerning_5,9,lupin,3
kerning_5,13,jrboogie,3
kerning_5,18,zombielupin,3
kerning_5,23,slime,3
kerning_5,32,jrboogie,3
kerning_5,36,skeleton,3
kerning_5,41,slime,3
kerning_5,48,skeleton,3
kerning_5,51,skeleton,3
kerning_5,55,jrboogie,3
kerning_5,60,zombielupin,3
kerning_5,65,slime,3
kerning_5,69,lupin,3
kerning_5,76,skeleton,3
ellinia_1,9,greenmushroom,3
ellinia_1,14,lupin,3
ellinia_1,24,greenmushroom,3
ellinia_1,29,zombielupin,3
ellinia_1,39,greenmushroom,3
ellinia_1,44,pixie,3
ellinia_1,54,greenmushroom,3
ellinia_1,59,samiho,3
ellinia_2,9,greenmushroom,3
ellinia_2,14,lupin,3
ellinia_2,24,zombielupin,3
ellinia_2,28,pixie,3
ellinia_2,33,greenmushroom,3
ellinia_2,43,lupin,3
ellinia_2,48,samiho,3
ellinia_2,53,greenmushroom,3
ellinia_2,58,pixie,3
ellinia_3,9,greenmushroom,4
ellinia_3,14,lupin,4
ellinia_3,23,zombielupin,4
ellinia_3,28,pixie,4
ellinia_3,33,greenmushroom,4
ellinia_3,42,lupin,4
ellinia_3,47,samiho,4
ellinia_3,52,greenmushroom,4
ellinia_3,56,pixie,4
ellinia_3,66,greenmushroom,4
ellinia_4,9,lupin,4
ellinia_4,13,greenmushroom,4
ellinia_4,18,zombielupin,4
ellinia_4,27,pixie,4
ellinia_4,32,greenmushroom,4
ellinia_4,36,samiho,4
ellinia_4,46,lupin,4
ellinia_4,50,greenmushroom,4
ellinia_4,55,zombielupin,4
ellinia_4,64,pixie,4
ellinia_4,71,mushmom,4
ellinia_5,9,lupin,4
ellinia_5,13,greenmushroom,4
ellinia_5,18,zombielupin,4
ellinia_5,27,pixie,4
ellinia_5,31,greenmushroom,4
ellinia_5,36,samiho,4
ellinia_5,47,mushmom,4
ellinia_5,50,samiho,4
ellinia_5,53,wongong,4
ellinia_5,57,greenmushroom,4
ellinia_5,62,zombielupin,4
ellinia_5,71,lupin,4
ellinia_5,75,greenmushroom,4
ellinia_5,82,samiho,4
sleepywood_1,4,jrboogie,4
sleepywood_1,9,greenmushroom,4
sleepywood_1,14,zombielupin,4
sleepywood_1,19,jrboogie,4
sleepywood_1,24,greenmushroom,4
sleepywood_1,28,skeleton,4
sleepywood_1,33,jrboogie,4
sleepywood_1,38,greenmushroom,4
sleepywood_1,43,golem,4
sleepywood_1,48,jrboogie,4
sleepywood_1,53,greenmushroom,4
sleepywood_1,58,tauromacis,4
sleepywood_2,4,jrboogie,4
sleepywood_2,9,greenmushroom,4
sleepywood_2,14,zombielupin,4
sleepywood_2,18,jrboogie,4
sleepywood_2,23,skeleton,4
sleepywood_2,28,golem,4
sleepywood_2,33,greenmushroom,4
sleepywood_2,37,jrboogie,4
sleepywood_2,42,zombielupin,4
sleepywood_2,47,tauromacis,4
sleepywood_2,52,greenmushroom,4
sleepywood_2,56,golem,4
sleepywood_2,61,jrboogie,4
sleepywood_3,4,jrboogie,5
sleepywood_3,9,greenmushroom,5
sleepywood_3,13,zombielupin,5
sleepywood_3,18,jrboogie,5
sleepywood_3,23,skeleton,5
sleepywood_3,27,golem,5
sleepywood_3,32,greenmushroom,5
sleepywood_3,36,jrboogie,5
sleepywood_3,41,zombielupin,5
sleepywood_3,46,tauromacis,5
sleepywood_3,50,greenmushroom,5
sleepywood_3,55,golem,5
sleepywood_3,60,jrboogie,5
sleepywood_3,64,greenmushroom,5
sleepywood_4,4,jrboogie,5
sleepywood_4,9,zombielupin,5
sleepywood_4,13,greenmushroom,5
sleepywood_4,18,skeleton,5
sleepywood_4,22,jrboogie,5
sleepywood_4,27,golem,5
sleepywood_4,31,greenmushroom,5
sleepywood_4,36,tauromacis,5
sleepywood_4,40,jrboogie,5
sleepywood_4,45,zombielupin,5
sleepywood_4,49,greenmushroom,5
sleepywood_4,54,skeleton,5
sleepywood_4,58,jrboogie,5
sleepywood_4,63,golem,5
sleepywood_4,69,jrbalrog,5
sleepywood_5,4,jrboogie,5
sleepywood_5,8,zombielupin,5
sleepywood_5,13,greenmushroom,5
sleepywood_5,17,skeleton,5
sleepywood_5,22,jrboogie,5
sleepywood_5,26,golem,5
sleepywood_5,30,greenmushroom,5
sleepywood_5,35,tauromacis,5
sleepywood_5,39,jrboogie,5
sleepywood_5,46,jrbalrog,5
sleepywood_5,50,greenmushroom,5
sleepywood_5,54,skeleton,5
sleepywood_5,59,jrboogie,5
sleepywood_5,63,zombielupin,5
sleepywood_5,68,greenmushroom,5
sleepywood_5,74,jrbalrog,5
ludibrium_1,9,cellion,5
ludibrium_1,14,lioner,5
ludibrium_1,23,cellion,5
ludibrium_1,28,wongong,5
ludibrium_1,37,cellion,5
ludibrium_1,42,grupin,5
ludibrium_1,52,cellion,5
ludibrium_1,56,hector,5
ludibrium_2,9,cellion,5
ludibrium_2,13,lioner,5
ludibrium_2,23,wongong,5
ludibrium_2,27,grupin,5
ludibrium_2,32,cellion,5
ludibrium_2,41,pixie,5
ludibrium_2,46,hector,5
ludibrium_2,50,cellion,5
ludibrium_2,55,lioner,5
ludibrium_3,9,cellion,6
ludibrium_3,13,lioner,6
ludibrium_3,22,wongong,6
ludibrium_3,27,grupin,6
ludibrium_3,31,cellion,6
ludibrium_3,40,pixie,6
ludibrium_3,45,hector,6
ludibrium_3,49,cellion,6
ludibrium_3,54,lioner,6
ludibrium_3,63,cellion,6
ludibrium_4,8,lioner,6
ludibrium_4,13,cellion,6
ludibrium_4,17,wongong,6
ludibrium_4,26,grupin,6
ludibrium_4,30,cellion,6
ludibrium_4,35,hector,6
ludibrium_4,44,pixie,6
ludibrium_4,48,cellion,6
ludibrium_4,52,wongong,6
ludibrium_4,61,lioner,6
ludibrium_4,68,lycan,6
ludibrium_5,8,lioner,6
ludibrium_5,13,cellion,6
ludibrium_5,17,wongong,6
ludibrium_5,25,grupin,6
ludibrium_5,30,cellion,6
ludibrium_5,34,hector,6
ludibrium_5,45,lycan,6
ludibrium_5,49,cellion,6
ludibrium_5,53,wongong,6
ludibrium_5,62,pixie,6
ludibrium_5,66,cellion,6
ludibrium_5,72,lycan,6
elnath_1,4,whitefang,6
elnath_1,9,hector,6
elnath_1,13,samiho,6
elnath_1,18,whitefang,6
elnath_1,23,hector,6
elnath_1,27,yeti,6
elnath_1,32,whitefang,6
elnath_1,36,hector,6
elnath_1,41,bulldog,6
elnath_1,46,whitefang,6
elnath_1,50,hector,6
elnath_1,55,darkyeti,6
elnath_1,60,whitefang,6
elnath_2,4,whitefang,6
elnath_2,9,hector,6
elnath_2,13,samiho,6
elnath_2,18,whitefang,6
elnath_2,22,yeti,6
elnath_2,27,bulldog,6
elnath_2,31,hector,6
elnath_2,36,whitefang,6
elnath_2,40,samiho,6
elnath_2,45,darkyeti,6
elnath_2,49,hector,6
elnath_2,54,bulldog,6
elnath_2,58,whitefang,6
elnath_2,63,hector,6
elnath_3,4,whitefang,7
elnath_3,8,hector,7
elnath_3,13,samiho,7
elnath_3,17,whitefang,7
elnath_3,22,yeti,7
elnath_3,26,bulldog,7
elnath_3,30,hector,7
elnath_3,35,whitefang,7
elnath_3,39,samiho,7
elnath_3,44,darkyeti,7
elnath_3,48,hector,7
elnath_3,52,bulldog,7
elnath_3,57,whitefang,7
elnath_3,61,hector,7
elnath_3,66,yeti,7
elnath_4,4,whitefang,7
elnath_4,8,samiho,7
elnath_4,13,hector,7
elnath_4,17,yeti,7
elnath_4,21,whitefang,7
elnath_4,25,bulldog,7
elnath_4,30,hector,7
elnath_4,34,darkyeti,7
elnath_4,38,whitefang,7
elnath_4,43,samiho,7
elnath_4,47,hector,7
elnath_4,51,yeti,7
elnath_4,55,whitefang,7
elnath_4,60,bulldog,7
elnath_4,64,hector,7
elnath_4,70,lycan,7
elnath_5,4,whitefang,7
elnath_5,8,samiho,7
elnath_5,12,hector,7
elnath_5,16,yeti,7
elnath_5,21,whitefang,7
elnath_5,25,bulldog,7
elnath_5,29,hector,7
elnath_5,33,darkyeti,7
elnath_5,37,whitefang,7
elnath_5,41,samiho,7
elnath_5,48,lycan,7
elnath_5,51,darkyeti,7
elnath_5,55,yeti,7
elnath_5,59,hector,7
elnath_5,63,bulldog,7
elnath_5,67,whitefang,7
elnath_5,71,darkyeti,7
elnath_5,78,darkyeti,7
deadmine_1,4,bulldog,7
deadmine_1,9,jrboogie,7
deadmine_1,13,zombielupin,7
deadmine_1,18,bulldog,7
deadmine_1,22,jrboogie,7
deadmine_1,27,golem,7
deadmine_1,31,bulldog,7
deadmine_1,36,jrboogie,7
deadmine_1,40,skeleton,7
deadmine_1,45,bulldog,7
deadmine_1,49,jrboogie,7
deadmine_1,54,taurospear,7
deadmine_1,58,bulldog,7
deadmine_2,4,bulldog,7
deadmine_2,8,jrboogie,7
deadmine_2,13,zombielupin,7
deadmine_2,17,bulldog,7
deadmine_2,22,golem,7
deadmine_2,26,skeleton,7
deadmine_2,30,jrboogie,7
deadmine_2,35,bulldog,7
deadmine_2,39,zombielupin,7
deadmine_2,44,taurospear,7
deadmine_2,48,jrboogie,7
deadmine_2,52,skeleton,7
deadmine_2,57,bulldog,7
deadmine_2,61,jrboogie,7
deadmine_3,4,bulldog,8
deadmine_3,8,jrboogie,8
deadmine_3,13,zombielupin,8
deadmine_3,17,bulldog,8
deadmine_3,21,golem,8
deadmine_3,25,skeleton,8
deadmine_3,30,jrboogie,8
deadmine_3,34,bulldog,8
deadmine_3,38,zombielupin,8
deadmine_3,43,taurospear,8
deadmine_3,47,jrboogie,8
deadmine_3,51,skeleton,8
deadmine_3,55,bulldog,8
deadmine_3,60,jrboogie,8
deadmine_3,64,golem,8
deadmine_4,4,bulldog,8
deadmine_4,8,zombielupin,8
deadmine_4,12,jrboogie,8
deadmine_4,16,golem,8
deadmine_4,21,bulldog,8
deadmine_4,25,skeleton,8
deadmine_4,29,jrboogie,8
deadmine_4,33,taurospear,8
deadmine_4,37,bulldog,8
deadmine_4,41,zombielupin,8
deadmine_4,46,jrboogie,8
deadmine_4,50,golem,8
deadmine_4,54,bulldog,8
deadmine_4,58,skeleton,8
deadmine_4,62,jrboogie,8
deadmine_4,68,jrbalrog,8
deadmine_5,4,bulldog,8
deadmine_5,8,zombielupin,8
deadmine_5,12,jrboogie,8
deadmine_5,16,golem,8
deadmine_5,20,bulldog,8
deadmine_5,24,skeleton,8
deadmine_5,28,jrboogie,8
deadmine_5,32,taurospear,8
deadmine_5,36,bulldog,8
deadmine_5,40,zombielupin,8
deadmine_5,46,jrbalrog,8
deadmine_5,49,taurospear,8
deadmine_5,53,golem,8
deadmine_5,57,jrboogie,8
deadmine_5,62,skeleton,8
deadmine_5,66,bulldog,8
deadmine_5,70,taurospear,8
deadmine_5,76,taurospear,8
aquarium_1,8,whitefang,8
aquarium_1,13,snail_legion,8
aquarium_1,22,whitefang,8
aquarium_1,26,yeti,8
aquarium_1,35,whitefang,8
aquarium_1,39,red_snails,8
aquarium_1,48,whitefang,8
aquarium_1,52,darkyeti,8
aquarium_2,8,whitefang,8
aquarium_2,13,snail_legion,8
aquarium_2,21,yeti,8
aquarium_2,25,red_snails,8
aquarium_2,30,whitefang,8
aquarium_2,38,harp,8
aquarium_2,43,darkyeti,8
aquarium_2,47,whitefang,8
aquarium_2,51,snail_legion,8
aquarium_2,60,whitefang,8
aquarium_3,8,whitefang,9
aquarium_3,12,snail_legion,9
aquarium_3,21,yeti,9
aquarium_3,25,red_snails,9
aquarium_3,29,whitefang,9
aquarium_3,37,harp,9
aquarium_3,41,darkyeti,9
aquarium_3,46,whitefang,9
aquarium_3,50,snail_legion,9
aquarium_3,58,whitefang,9
aquarium_3,62,yeti,9
aquarium_4,8,snail_legion,9
aquarium_4,12,whitefang,9
aquarium_4,16,yeti,9
aquarium_4,24,red_snails,9
aquarium_4,28,whitefang,9
aquarium_4,32,darkyeti,9
aquarium_4,40,harp,9
aquarium_4,44,whitefang,9
aquarium_4,48,yeti,9
aquarium_4,57,snail_legion,9
aquarium_4,61,whitefang,9
aquarium_4,67,darkyeti,9
aquarium_5,8,snail_legion,9
aquarium_5,12,whitefang,9
aquarium_5,16,yeti,9
aquarium_5,24,red_snails,9
aquarium_5,28,whitefang,9
aquarium_5,31,darkyeti,9
aquarium_5,39,harp,9
aquarium_5,45,darkyeti,9
aquarium_5,48,yeti,9
aquarium_5,51,darkyeti,9
aquarium_5,55,yeti,9
aquarium_5,59,whitefang,9
aquarium_5,63,snail_legion,9
aquarium_5,71,darkyeti,9
aquarium_5,77,yeti,9
leafre_1,4,cellion,9
leafre_1,8,lioner,9
leafre_1,13,bulldog,9
leafre_1,17,grupin,9
leafre_1,21,cellion,9
leafre_1,25,tauromacis,9
leafre_1,30,lioner,9
leafre_1,34,grupin,9
leafre_1,38,harp,9
leafre_1,43,cellion,9
leafre_1,47,lioner,9
leafre_1,51,taurospear,9
leafre_1,55,grupin,9
leafre_1,60,cellion,9
leafre_2,4,cellion,9
leafre_2,8,lioner,9
leafre_2,12,bulldog,9
leafre_2,16,grupin,9
leafre_2,21,tauromacis,9
leafre_2,25,harp,9
leafre_2,29,cellion,9
leafre_2,33,lioner,9
leafre_2,37,bulldog,9
leafre_2,41,taurospear,9
leafre_2,46,grupin,9
leafre_2,50,harp,9
leafre_2,54,cellion,9
leafre_2,58,lioner,9
leafre_2,62,tauromacis,9
leafre_3,4,cellion,10
leafre_3,8,lioner,10
leafre_3,12,bulldog,10
leafre_3,16,grupin,10
leafre_3,20,tauromacis,10
leafre_3,24,harp,10
leafre_3,28,cellion,10
leafre_3,32,lioner,10
leafre_3,36,bulldog,10
leafre_3,40,taurospear,10
leafre_3,44,grupin,10
leafre_3,48,harp,10
leafre_3,52,cellion,10
leafre_3,57,lioner,10
leafre_3,61,tauromacis,10
leafre_3,65,grupin,10
leafre_4,4,cellion,10
leafre_4,8,bulldog,10
leafre_4,12,lioner,10
leafre_4,16,tauromacis,10
leafre_4,20,grupin,10
leafre_4,24,harp,10
leafre_4,28,cellion,10
leafre_4,31,taurospear,10
leafre_4,35,lioner,10
leafre_4,39,bulldog,10
leafre_4,43,grupin,10
leafre_4,47,tauromacis,10
leafre_4,51,cellion,10
leafre_4,55,harp,10
leafre_4,59,lioner,10
leafre_4,63,taurospear,10
leafre_4,69,eregoth,10
leafre_5,4,cellion,10
leafre_5,8,bulldog,10
leafre_5,12,lioner,10
leafre_5,15,tauromacis,10
leafre_5,19,grupin,10
leafre_5,23,harp,10
leafre_5,27,cellion,10
leafre_5,31,taurospear,10
leafre_5,34,lioner,10
leafre_5,38,bulldog,10
leafre_5,44,eregoth,10
leafre_5,48,tauromacis,10
leafre_5,52,grupin,10
leafre_5,55,harp,10
leafre_5,59,cellion,10
leafre_5,63,taurospear,10
leafre_5,67,lioner,10
leafre_5,73,eregoth,10
cave_1,4,bulldog,10
cave_1,8,skeleton,10
cave_1,12,harp,10
cave_1,16,bulldog,10
cave_1,21,skeleton,10
cave_1,25,lycan,10
cave_1,29,bulldog,10
cave_1,33,skeleton,10
cave_1,37,tauromacis,10
cave_1,41,bulldog,10
cave_1,46,skeleton,10
cave_1,50,darkyeti,10
cave_1,54,bulldog,10
cave_1,58,skeleton,10
cave_2,4,bulldog,10
cave_2,8,skeleton,10
cave_2,12,harp,10
cave_2,16,bulldog,10
cave_2,20,lycan,10
cave_2,24,tauromacis,10
cave_2,28,skeleton,10
cave_2,32,bulldog,10
cave_2,36,taurospear,10
cave_2,40,darkyeti,10
cave_2,44,skeleton,10
cave_2,48,harp,10
cave_2,52,bulldog,10
cave_2,57,skeleton,10
cave_2,61,lycan,10
cave_3,4,bulldog,10
cave_3,8,skeleton,10
cave_3,12,harp,10
cave_3,16,bulldog,10
cave_3,20,lycan,10
cave_3,24,tauromacis,10
cave_3,28,skeleton,10
cave_3,31,bulldog,10
cave_3,35,taurospear,10
cave_3,39,darkyeti,10
cave_3,43,skeleton,10
cave_3,47,harp,10
cave_3,51,bulldog,10
cave_3,55,skeleton,10
cave_3,59,lycan,10
cave_3,63,bulldog,10
cave_4,4,bulldog,10
cave_4,8,harp,10
cave_4,12,skeleton,10
cave_4,15,lycan,10
cave_4,19,bulldog,10
cave_4,23,tauromacis,10
cave_4,27,skeleton,10
cave_4,31,darkyeti,10
cave_4,34,bulldog,10
cave_4,38,taurospear,10
cave_4,42,skeleton,10
cave_4,46,lycan,10
cave_4,50,bulldog,10
cave_4,53,harp,10
cave_4,57,skeleton,10
cave_4,61,darkyeti,10
cave_4,67,jrbalrog,10
cave_5,4,bulldog,10
cave_5,8,harp,10
cave_5,11,skeleton,10
cave_5,15,lycan,10
cave_5,19,bulldog,10
cave_5,22,tauromacis,10
cave_5,26,skeleton,10
cave_5,30,darkyeti,10
cave_5,33,bulldog,10
cave_5,37,taurospear,10
cave_5,43,jrbalrog,10
cave_5,46,swoo,10
cave_5,49,lycan,10
cave_5,53,skeleton,10
cave_5,57,harp,10
cave_5,61,bulldog,10
cave_5,64,darkyeti,10
cave_5,68,skeleton,10
cave_5,74,swoo,10
