UnitId,Kind,Name,Desc,Rarity,Cost,Starter,MaxHp,Attack,Range,AttackType,AttackAreaRadius,AttackMaxTargets,Attribute,AttackInterval,Speed,Scale,StandRuid,MoveRuid,AttackRuid,DieRuid,HitRuid,AttackPlayRate,AttackHitDelay,KnockbackHpPercent,KnockbackDistance,KnockbackSeconds,ProjectileRuid,ProjectileScale,AttackEffectRuid,AttackEffectOffsetX,AttackEffectOffsetY,AttackEffectScale,HitEffectRuid,HitEffectOffsetX,HitEffectOffsetY,HitEffectScale,AttackSoundRuid,DamageSoundRuid,DieSoundRuid,BarY,BarWidth,SkillDamage,SkillRadius,SkillHitDelay,SkillValue1,SkillValue2,EffectRuid,EffectScale,EffectOffsetX,EffectOffsetY,SkillSoundRuid,SkillSoundDelay,IconRuid,SpawnCount,ManaStart,ManaMaxRate,ManaRegenRate,ManaLevelStart,BaseSkill,BaseSkillType,BaseSkillCooldown,ProductId,EnemyOnly,#Memo
mushroom,monster,주황버섯,식용/약재로 두루 쓰이는 버섯.,normal,20,1,100,12,0.7,melee,,,earth,1.0,1.2,1,a95cfed2c8fe4d2cb64cbb62db051f92,8257566e41aa4234929e81c6c2dab2e4,0f2785271a4f4a9ea0ebe2ca61f6fe7e,dddbe2f162184ec89add7440da56eb75,bd3cb0d317f84314a4a5f0ccb33938a8,1.23,0.33,,,,,,,,,,,,,,,,,,,,,,,,,,,,,,,,,,,,,,,,,근접. 공격 클립은 메토체스
golem,monster,스톤골렘,,rare,95,1,250,8,0.8,melee,,,earth,1.2,0.7,1,23761b84fca14bbfa671436791e4e0bb,9477f9f02afc4b92b46499e88f6fc472,192cf926eeb84448aa62b52759d7c462,871de25edc28418c8fbfef5ea416f2d4,9c7b36710c8542ac8aa2e93a43bee8fb,1.0,0.4,,,,,,,,,,,,,,,,,,,,,,,,,,,,,,,,,,,,,,,,,탱커
pixie,monster,스타픽시,,normal,150,1,40,18,3.5,ranged,,,wind,1.4,1.0,1,fe6e70b8ec9d4eb4bafe8d90d444231a,025d265ab7f74d519529cec934064b0d,84e39d70abb94b299318edf6cb9b885f,500637aa2c9b45d08a0e971fb6a8b049,fac3a34a9a47491ba441e74369b0f77c,1.0,0.4,,,,3123b59475a148a49f940749531c5fad,1,b93c2df7af2a4cb986e8e57ef149ae15,,,,,,,,14a400c813c3424e96f86f4b98da1700,fb4c4eee7a5b43edaaf25f9000fafbd9,fa2771ae6b234229ab25dcc205188bb0,,,,,,,,,,,,,,,,,,,,,,,,,원거리
meteor,skill,메테오,,epic,100,1,,,,,,,,,,,,,,,,,,,,,,,,,,,,,,,,,,,,80,2,2,,,7e1449436598489eb3f6a47e08eeb003,1.4,0.6,-0.1,d906d21dc9bd4c8cb66861d423044a65,,46eda11c00f641ce85b3bdf6f998052e,,,,,,,,,,,스킬(범위 피해)
slime,monster,슬라임,,normal,20,0,60,10,0.7,melee,,,water,1.0,1.5,1,37291140ca7149c29e4cce958b0e7767,250125f56da14199aac7d2db7c6b7358,702e1a12101b4898b67da75fede51134,5d4019c8aeb34b44b3ddb827c176354d,61c27025a8f14c478f30ede1b49758bc,1.02,0.39,,,,,,,,,,,,,,,,,,,,,,,,,,,,,,,,,,,,,,,,,적 근접
mushmom,monster,머쉬맘,,epic,200,0,400,12,0.9,melee,,,earth,1.4,0.6,0.8,826abc40a1814a8eac6de1a8d2a3f848,33b77c0078fc41188e67d26911194a19,90c5456e2a8a45478df02500797a9afd,960b6d34d84443a6967648fccec507b7,0140ca6a3f984aad82f0ab530cbaccbc,1.0,0.4,,,,,,,,,,,,,,,,,,,,,,,,,,,,,,,,,,,,,,,,,탱커
greenmushroom,monster,초록버섯,독성이 있는 것으로 알려져 먹을 수는 없다.,normal,25,1,100,20,0.7,melee,,,earth,0.9,1,1.0,d19573d7348643e19146f82ca34c1fa3,2348b2e6cd5e4b72bd2add699cd9b6a2,f93037dbe8374913a7b84e72a5508d5d,d8dd7a162fd1415cb55efdd3edba2a7c,,1,0.25,,,,,,,,,,,,,,,,,0.67,,,,,,,,,,,,,,,,,,,,,,,,스타터. 근접 저코스트 (공식 리소스 클립)
jrboogie,monster,주니어 부기,,normal,40,1,40,25,0.7,melee,,,dark,1.6,1.4,1.0,5a7096472ffd4ac388fa826071a435a5,84a2e710c5ea4cb1843b52ad777a2074,bcc04483577743d9993960f38dfa04d3,7a65348d68394332ba5b5aa7761c98cd,2358e38b0c9b4d9da987387deba59de0,1,0.7,,,,,,36be50a97d6d49fb91355c60f311d04c,0,0.24,,,,,,,,,0.51,,,,,,,,,,,,,,,,,,,,,,,,스타터. 근접 고화력 저체력 (공식 리소스 클립)
whitefang,monster,화이트팽,,rare,75,1,80,30,0.8,melee,,,wind,1.16,1.6,1.0,aaa3b506804d4418b025da47dbb65b3f,a669487dc36d43df99ecef932ccf6f00,e7d12e44869040ed8d6cd4c25c41d543,ec707ca9121f4e4cb536c37a29084760,,1,0.48,,,,,,,,,,,,,,,,,0.71,,,,,,,,,,,,,,,,,,,,,,,,스타터. 근접 고속 (공식 리소스 클립)
hector,monster,헥터,,rare,75,1,110,20,0.8,melee,,,wind,1.16,1.1,1.0,7dcc64a4725b4777b8f86a5404b4d4cc,5e3fe57af79849ec9fd521dbd498f70d,ab421fbae9c942219123b08228fbfca3,e827e51a595e4d888e8982ded639e769,,1,0.48,,,,,,,,,,,,,,,,,0.71,,,,,,,,,,,,,,,,,,,,,,,,스타터. 근접 균형 (공식 리소스 클립)
lupin,monster,루팡,,rare,90,1,45,13,3.0,ranged,,,light,1.2,1.0,1.0,11190caf0f704ba981f9d2138f447ec6,e905d77312c343b893261a1756b354de,9933f65e883544a29747533c0c9a442b,d51204bc65054225b422926729a21a33,,1,0.25,,,,31f8af646b4b4a31a3e52d0e5846d8c1,0.8,,,,,,,,,,,,0.71,,,,,,,,,,,,,,,,,,,,,,,,스타터. 원거리 (공식 리소스 클립)
zombielupin,monster,좀비루팡,,epic,120,1,80,17,3.0,ranged,,,dark,1.6,0.8,1.0,c86800e208dc4de4a8cf71b51778a2fb,0c805e8052c14fbda03173990bf2d2b8,45e0a175e4b2491296f244b893c6ee98,3a426a5dd5c0474fa95a83778ce87da7,,1,0.66,,,,31f8af646b4b4a31a3e52d0e5846d8c1,0.8,,,,,,,,,,,,0.83,,,,,,,,,,,,,,,,,,,,,,,,스타터. 원거리 (공식 리소스 클립)
wongong,monster,원공,,normal,100,1,70,18,3.4,ranged,,,light,1.8,1,1.0,15e255981ed54cf092a136b1526aa055,357bcaed16cd44adba2806db9ee7a095,e8cbb3ec93f1441dba3df2e92036adde,c5b1c7e696af4f78a0d86a59866a3eea,,1,0.7,,,,9ca14ee512b1489cbb54b2b9833388cd,0.8,,,,,,,,,,,,0.81,,,,,,,,,,,,,,,,,,,,,,,,스타터. 원거리 (공식 리소스 클립)
samiho,monster,삼미호,,normal,120,1,100,20,3.2,ranged,,,light,1.9,1.2,1.0,b87a500e22c94cd3a885f09b49fced3c,9de517a21b984cd18c5d3c0c9b11aed2,49c1c6297e2b404b860cc486d95574b6,3fd1dc4fa74b4ab08167ae259c922f5e,,1,0.7,,,,3123b59475a148a49f940749531c5fad,0.8,,,,,,,,,,,,0.87,,,,,,,,,,,,,,,,,,,,,,,,스타터. 원거리 고화력 (공식 리소스 클립)
skeleton,monster,스켈레톤 장교,인간 시절 다소 무능했다는 소문이 있습니다.,normal,80,1,120,25,0.9,melee,,,dark,1.3,0.8,1.0,8ac51c60a35d49b9a0940f41742556ea,6db7f9ab8e36444582756ec1436114f6,a9485e08f3c34c658c68f989191de666,44ccd8fa7ee547e8b1c2445c589b63dc,,1,0.48,,,,,,,,,,,,,,,,,1.08,,,,,,,,,,,,,,,,,,,,,,,,스타터. 근접 중량 (공식 리소스 클립)
yeti,monster,예티,,rare,180,1,300,16,0.9,melee,,,water,1.4,0.7,0.93,2fa39477afb34d8cb6412b7fe5085f42,02dfd5686d7042768adcea2d24c184b4,a9e503154e3e4ad5ab0e9e7742dd53ec,5a328165fb9a4f47b3810c427b8edbd6,,1,0.54,,,,,,,,,,,,,,,,,1.15,,,,,,,,,,,,,,,,,,,,,,,,스타터. 탱커 (공식 리소스 클립)
cellion,monster,샐리온,,normal,75,0,75,20,0.8,melee,,,fire,1.6,1.3,1.0,284832510f7848db88eebf8958f1f701,2f5b152a6917469eada80e591bdbe553,8146e32a8c4c40039a060bcf9e276c97,1160af50bdb448fbbbe87abe77c9a46d,,1,0.7,,,,,,,,,,,,,,,,,0.75,,,,,,,,,,,,,,,,,,,,,,,,적/구매. 근접 (공식 리소스 클립)
lioner,monster,라이오너,,normal,75,0,75,20,0.8,melee,,,light,1.52,1.2,1.0,6bbe628d8344408188a877d113c2f5a4,e9f23737108846ccbb8fb54cea1f4381,e33f5bdf329640a68b909c892c087b93,2a952afd782c4a95a7064e933e4ec9dc,,1,0.66,,,,,,,,,,,,,,,,,0.75,,,,,,,,,,,,,,,,,,,,,,,,적/구매. 근접 (공식 리소스 클립)
grupin,monster,그류핀,,normal,75,0,75,20,0.8,melee,,,wind,1.6,1.4,1.0,2eebec335f5b4e62ac8c37a140e6455c,29692291628a47e684d128dd6140c5a9,b02b8490f7ed474ea18db298821b954d,e1c42df697bc48f18d0f8b5c35a65847,,1,0.7,,,,,,,,,,,,,,,,,0.75,,,,,,,,,,,,,,,,,,,,,,,,적/구매. 근접 (공식 리소스 클립)
bulldog,monster,불독,,rare,140,0,300,18,0.8,melee_area,,,fire,1.52,0.6,1,56be642e8efc4f1b853791423de0d9f7,c21d5441b8fd46d09a6f32191760c795,8216350375de40f2a3a4bac373f9d238,07240892966e4c31b9fcfa53da83abda,,1,0.66,50,1,0.5,,,,,,,,,,,,,,0.87,,,,,,,,,,,,,,,,,,,,,,,,적/구매. 근접 (공식 리소스 클립)
darkyeti,monster,다크 예티,,rare,180,0,325,14,0.9,melee,,,water,1.4,0.7,0.93,f6467914a7f84409b2937fa3668db94d,53a9227119764c268fbedade502834a8,55966425813d4fa1bea67ad1018dcfb5,752df226991c43b4afff11ee8e62ed98,,1,0.54,,,,,,,,,,,,,,,,,1.15,,,,,,,,,,,,,,,,,,,,,,,,적/구매. 탱커 (공식 리소스 클립)
harp,monster,하프,,normal,150,0,70,20,3.2,ranged,,,wind,2.4,1.0,0.77,96bd8dd2077844d1a0e5ce6b956d94ef,e9c9f7d1a0a64accb03ff506b72a601e,1905300bd14940469f79033f10279c20,210feaa9536a4638a9c5c2888ebea96e,,1,0.7,,,,3123b59475a148a49f940749531c5fad,0.8,,,,,,,,,,,,0.87,,,,,,,,,,,,,,,,,,,,,,,,적/구매. 원거리 (공식 리소스 클립)
tauromacis,monster,타우로마시스,,epic,160,0,220,22,0.9,melee,,,earth,1.1,0.9,0.83,5ef751fd743e41609bf98e03de4df51c,c62af154ef414ebaa329a68d79b5cc37,a81c0e470e3b40b19fe7ef15f878c80a,00bb89f4a87a4cafb52268392817afbf,,1,0.42,,,,,,,,,,,,,,,,,1.15,,,,,,,,,,,,,,,,,,,,,,,,적/구매. 중량 근접 (공식 리소스 클립)
taurospear,monster,타우로스피어,,epic,170,0,200,26,1.2,melee,,,fire,1.0,0.9,0.81,2d67591d75ef429d98414cd123499dfe,6ac5e72c53934afb9277c39f533f8de0,62734b5c006147129fea110071c6af9c,49f6637de4a341dd908ef1660a58cd75,,1,0.3,,,,,,,,,,,,,,,,,1.15,,,,,,,,,,,,,,,,,,,,,,,,적/구매. 중량 근접(긴 사거리) (공식 리소스 클립)
lycan,monster,라이칸스로프,,epic,220,0,380,28,1.0,melee,,,dark,1.7,1.0,0.62,37c7d7ed745841da9246f91e3508415d,a93f46f58a7f463e8242623704d0f575,1d6be47d8a514b31ad0c746243573326,3f8f3e73cda64c42b1d7c2dbcb74e344,,1,0.7,,,,,,,,,,,,,,,,,1.15,,,,,,,,,,,,,,,,,,,,,,,,적/구매. 대형 근접 (공식 리소스 클립)
jrbalrog,monster,주니어 발록,,unique,300,0,400,40,3,ranged,,,fire,1.7,1.25,1,a572cb54ec3b4ab2ba90739e3e309ced,9d69405541014ab6be12d6ae9d1f3ae9,9192d81b6999484583c32eca91019ee1,4f1effd719f74189a862d6782044ed08,,1,0.7,,,,ba36ed5e2a7e45cabd9749e03770be2c,,88ef5daab5684caf91c6560e5b6fff67,0.08,-0.09,,,,,,,,,1.15,,,,,,,,,,,,,,,,,,,,,,,,적/구매. 보스급 (공식 리소스 클립)
lightning,skill,번개,,rare,80,1,,,,,,,,,,,,,,,,,,,,,,,,,,,,,,,,,,,,300,1.0,0.2,3,,40042f32e1614a5ead6953c66aafd8be,1,,,,,18c9c60a48274d6c9917292d381ee070,,,,,,,,,,,좁은 범위 최대 3명의 적에게 높은 피해를 입힌다(랜덤 선택).
blizzard,skill,블리자드,,epic,100,1,,,,,,,,,,,,,,,,,,,,,,,,,,,,,,,,,,,,60,2,2,,,906054009f394fc3bd02c86a1733a92f,1.98,0.03,-0.5,81950e7f78a3483d8176eecf8d00b029,2,8da64f08720441029b39a755c22cdfd6,,,,,,,,,,,피해를 입은 적들에게 보통 확률로 [냉기] 효과를 적용한다.
zakoom,build,자쿰,,legendary,800,1,1000,50,4,melee_area,,,,4,0,1,ec96371d27774f6eabac7e82bd013a57,ec96371d27774f6eabac7e82bd013a57,76d2cfb55f8b487abb8a217de2228575,ab4cf3cab5434639af8abb7445827763,,1,0,,,,,1,,,,,3acebdcb5ddd48d99c4ac7458733f98b,,,,25375e7f22194aec804cecf4dec78eb6,,,,,,,,,,,,,,,,,,,,,,,,,,,자쿰
swoo,monster,스우,,legendary,400,0,400,40,4,melee_area,,4,dark,1,1,1,76bf5ac6235b4cc0b61d105d8e9a46c5,4a8407513b164b80aa5b450e74eba06a,d369504c89f147a6b79e8d80802d8a69,bbf7bd9bf1aa452bb19abe1868f5bb27,5db978d4197a4b23ae9f49d374e35f70,1,0.5,20,,,,1,,,,,,,,,,,,,,,,,,,,,,,,,,,,,,,,,,,,
snail_legion,monster,달팽이 군단,,rare,150,0,40,5,0.4,melee,,,water,1.0,1.0,1,35843142042440f3a014c241507479d2,35843142042440f3a014c241507479d2,35843142042440f3a014c241507479d2,16a55f1641174bdf8149322c97060a16,48a1e6185b58447d968818b7b43f0073,1.02,0.39,50,1,0.5,,,,,,,,,,,,,,,,,,,,,,,,,,,,8,,,,,,,,,,잠정 수치. 달팽이 8마리를 0.25초 간격으로 소환(SpawnCount=8). 마리당 능력치는 이 행에서 따로 조절. RUID는 운영툴에서 할당
red_snails,monster,빨간 달팽이 군단,,rare,150,1,80,11,0.3,melee,,,water,1,0.5,1,6b6bac121ef1497f985ddf339fc6ed7d,4f8eab1a9fbf4a35b28f986c4fa12f48,6b6bac121ef1497f985ddf339fc6ed7d,d5fad1d29d4d4254855d8ee1c4bda507,a9c736c7e74544c18740d6eb36b2f103,1,0,50,1,1,,1,,,,,,,,,,,,,,,,,,,,,,,,,,4,,,,,,,,,,
eregoth,monster,에레고스,최종 보스도 여러번 맡은 강자입니다.,unique,200,0,250,60,4,ranged,,,dark,1.5,1,0.8,538f0d27b52946a3b164187fd55866e7,538f0d27b52946a3b164187fd55866e7,703353989c074c5292c23382ed08a1fc,6a33e8b4d6b14697ae4b39d10fae198b,1094bfbc5fd94caca76bba7193bc0af7,1,1,10,0.4,0.4,,1,,,,,40e8fc3802544998a5ee236ef4585f23,,-0.01,,,,,,,,,,,,,,,,,,,1,,,,,,,,,,
scarecrow,build,허수아비,,normal,25,0,200,0,0,melee,,,,1,0,1,3a50e24de98c4b21aba7e77bd35c1459,3a50e24de98c4b21aba7e77bd35c1459,3a50e24de98c4b21aba7e77bd35c1459,c99cb660401f462fae5e1ba90901718e,,1,0,,,,,1,,,,,,,,,,,,,,,,,,,,,,,,,,,,,,,,,,,,
nependeath,build,네펜데스,,rare,75,0,75,30,4,ranged,,,,1,0,1,0039cc13bdb7428c91cd69556b4c5ed8,0039cc13bdb7428c91cd69556b4c5ed8,817ec8e67720409384d53ce3ea897d61,12c0d608be024573b0bceebbbac7fc2f,,1,0,,,,3993f591939744548707ca8b5d81538f,1,,,,,,,,,c653e736af7c484495a510361e6d9738,,,,,,,,,,,,,,,,,,,,,,,,,,,
base,base,기본 기지,,normal,,1,1000,,,,,,,,,,,,,,,,,,,,,,,,,,,,,,,,,2.3,1.8,,,,,,,,,,,,781d0548d4434877a044f77db08e2ffe,,,,,3,,,,,,"기본 기지. 처음부터 지급. 플레이어 기지의 HP는 이 값 × 기지 강화 배율, 적 기지의 HP는 스테이지 BaseHp"
base_forest,base,숲의 기지,,rare,,0,1300,,,,,,,,,,,,,,,,,,,,,,,,,,,,,,,,,2.3,1.8,,,,,,,,,,,,781d0548d4434877a044f77db08e2ffe,,,,1.15,3,,,,,,샘플. HP 높고 마나 회복이 조금 빠름. 스킬 없음. ProductId가 비면 상점에서 준비 중
base_mage,base,마법사의 기지,,epic,,0,1000,,,,,,,,,,,,,,,,,,,,,,,,,,,,,,,,,2.3,1.8,,,,,,,,,,,,781d0548d4434877a044f77db08e2ffe,,150,1.2,1.2,4,lightning,active,20,,,샘플. 마나가 넉넉하고 능동 스킬(번개) 보유
base_golem,base,석상의 기지,,unique,,0,1800,,,,,,,,,,,,,,,,,,,,,,,,,,,,,,,,,2.3,1.8,,,,,,,,,,,,781d0548d4434877a044f77db08e2ffe,,,0.9,0.9,2,blizzard,passive,25,,,샘플. HP 매우 높고 마나는 적음. 패시브(눈보라를 쿨타임마다 자동 발동)
base_balrog,base,발록 기지,,legendary,,0,2000,,,,,,,,,,,,,,,,,,,,,,,,,,,,,,,,,2.3,1.8,,,,,,,,,,,,781d0548d4434877a044f77db08e2ffe,,,,1.0,5,meteor,active,25,,1,적 전용(카드 목록에 나오지 않음). cave 스테이지의 적 기지. 쿨타임마다 메테오 사용
poisoncloud,skill,독구름,,rare,75,0,,,,,,,,,,,,,,,,,,,,,,,,,,,,,,,,,,,,15,1.33,0.3,10,1,550d34dd449242c9b3df7daebac8f259,1.19,0,-0.2,,,efb2d49b00ea433d80379fa679614920,,,,,,,,,,,10초간 지속되며 범위 내 모든 적에게 1초마다 15의 데미지를 입힌다.
heal,skill,힐,,rare,80,0,,,,,,,,,,,,,,,,,,,,,,,,,,,,,,,,,,,,25,0.99,0.2,5,1,e81f0ba3f2b545d7895b98b1cf9be879,1.09,0.1,-0.07,,,44e0a39d2a684635b8f9faf25b2e17d7,,,,,,,,,,,5초간 지속되며 1초마다 범위 내 모든 아군의 체력을 25 회복시킨다.
earthquake,skill,지진,,epic,150,0,,,,,,,,,,,,,,,,,,,,,,,,,,,,,,,,,,,,120,2.5,1,3,0.5,2af7cfcaa0af495cbf2dfa54e8e90f59,1.19,-0.02,-0.39,8d7b16ab5f8046ffaa80ec75896ed194,0.4,dcd0254a47f3480884ae0b5427987e7e,,,,,,,,,,,범위 안에 있는 모든 몬스터와 구조물에게 큰 피해를 입힌다. 구조물에게는 2배의 데미지를 입힌다.
dispel,skill,고대의 저주,,epic,60,0,,,,,,,,,,,,,,,,,,,,,,,,,,,,,,,,,,,,10,2,1,60,,10fc5ce9363542d2b3b71dbc2a5937f5,1.19,0.06,-0.46,,,c58fb5a1aa0445f8829bbc8ab45588c6,,,,,,,,,,,범위 내에 있는 적에게 작은 피해를 입히고 저주 효과를 부여합니다.
slimestone,build,슬라임 소환석,,rare,200,0,300,0,0,,,,,1,0,0.75,26357db5a52946e1a87f8697e0892e64,26357db5a52946e1a87f8697e0892e64,26357db5a52946e1a87f8697e0892e64,26357db5a52946e1a87f8697e0892e64,,1,0,,,,,1,,,,,,,,,,,,,,,,,,,,,,,,,,,,,,,,,,,,소환 타워. 3초마다 건물 자리에 슬라임 한 마리 소환(효과 summon_slime). 공격하지 않음. 클립은 한 개뿐이라 네 칸 모두 같은 값
magic_claw,skill,매직클로,마법사의 기초적인 초식,normal,20,1,,,,,,,,,,,,,,,,,,,,,,,,,,,,,,,,,,,,15,0.5,0.1,2,0.5,598d2d1859e84eaab18ae460a0a1e0a4,1,-0.09,-0.02,6adb8574031a41d78d6597085530b5ab,,abf488e154b4437fabc9cf42cc6d6764,,,,,,,,,,,첫 번째 피해를 입힌 후 0.5초 후에 동일한 피해를 입힙니다.
base_nova,base,노바 숙영 시설,,rare,,0,1750,,,,,,,,,,,,,,,,,,,,,,,,,,,,,,,,,,,,,,,,,,,,,,4b31f94dde924455a9383ddcb8c98cfc,,150,1,1.25,7,,active,,,0,
crimson_balrog,monster,크림슨 발록,비행선의 공포,unique,400,0,500,40,3,ranged_area,1.5,5,dark,1.25,1.5,1,c43d0d7c924c4004bb698df707932857,c43d0d7c924c4004bb698df707932857,dc2b55dd2f684357af4a619f20ff246e,a0e7122a5d2f4bf2b76e665a97fbb1fc,,1,1,0,,,,1,f4b82b20370f410ca742aacf1c51a68c,0.31,-0.01,,25730e721f404d5d82b029e42c67dcac,,,,afdabd37556d41ae92429547232b6954,,,,,,,,,,,,,,,,,1,,,,,,,,,,
blue_mushmom,monster,블루 머쉬맘,어딘가에서 마나를 잔뜩 섭취한 머쉬맘. 스킬을 배웠을지 모른다.,unique,240,0,500,40,1,melee_area,,,water,1.2,1.4,1,28c7ecbe55564524965385b4715851f2,62f312ba6382404ebfbc3f476f93b330,0f95a638456b46c983d4744dc1cd67dd,707bfd63b15d4839afb4dab416cbc0aa,0eeb9db3aef54b668a7ff42b1af38e8d,1,0,25,,,,1,,,,,,,,,,,,,,,,,,,,,,,,,,,,,,,,,,,,
dark_golem,monster,다크 스톤골렘,,rare,100,0,200,20,1,melee,,,dark,1,1,1,87eea551f4aa4a44a5c83d17717f1a08,16bcce2e4d9643f88215856853e0849b,e43bfb497a6c4bc3b5568290bff41598,88be7b8b1d3c4db1b079be1892f3b338,980bb9b4529e4bdcba7529073fcc9e30,1,0,80,,,,1,,,,,,,,,,,5f543a3840b04e08a701a9957f02cd09,,,,,,,,,,,,,,,,,,,,,,,,,
mano,monster,마노,세상에서 가장 오래 산 달팽이,epic,150,0,250,20,2,ranged,,,earth,2,0.5,1,e035bb90c053401b88de2159dfa230eb,3dcd0dc63d2d491b9b8d39b3b9d0a214,c05453dd21fd4ed581d193930ab4c331,f430051f6fc34f2eb56fe5e62b346eac,452cb740ddcb4837a46b75d7935e2ffc,1,0,,0.4,0.6,,1,,,,,,,,,0cca47ebc8d446288fb54669d90cd711,,ba4aab7d12af410ea2cc7e3fbc97ec54,,,,,,,,,,,,,,,1,,,,,,,,,,
ribbonpig,monster,리본돼지,리본으로 돼지의 상품성을 증명합니다.,rare,80,0,120,15,0.5,melee,,,,1,1.4,1,6a699b8c31b94474bb795c7394c3af3b,efd4d44e0da7496bac4c350def33a108,6a699b8c31b94474bb795c7394c3af3b,77f8f34df8cc4ba6ae188fd2f1b28bc4,ee7bf6fc53fc48df82db872d8827310a,1,0,,,,,1,,,,,,,,,,,79bfbaa52940459fa25d4329389fd895,,,,,,,,,,,,,,,1,,,,,,,,,,
ironhog,monster,아이언호그,,rare,120,0,200,22,0.5,melee,,,earth,1.2,1,1,eadfe08070d343a9afafe0fd6290f1c6,c3a9242a15e949e29f7d552ed551ca06,8e66814da53d4bb6a6ad1f064c8738f4,af01ec8b8d19418e87158d5d596edbeb,24d7017733b04d1c9de247fe5bd77bfd,1,0,0,,,,1,,,,,,,,,,b5794d2885614ef4bc482ea6ea1ee75b,f2dfb743f9f84037a74c904bc9ba34a0,,,,,,,,,,,,,,,1,,,,,,,,,,
thronemushroom,monster,뿔버섯,,normal,50,0,80,8,0.4,melee,,,earth,0.5,1,1,574596d79f004965a293d2551343633f,d3c737e55d0d4405854ebf5be139ea02,d3c737e55d0d4405854ebf5be139ea02,0864ecd7c28144939c2ecd6abb33893b,5007e0c04c374f2d9731c084f5a7f56e,1,0,,,,,1,,,,,,,,,,,,,,,,,,,,,,,,,,1,,,,,,,,,,
spoas,monster,스포아 군단,,normal,100,0,40,5,0.3,melee,,,earth,0.75,1.2,1,f84d50d06d1c45308d8497e8bf226308,4a0350be4a734dffac3f0f14d20caaf6,4a0350be4a734dffac3f0f14d20caaf6,301b5cb17c3b46e68f3e420a603be564,1f539560199e40bb8bb2dbfe3a26cb89,1,0,,,,,1,,,,,,,,,,,8fb5827f7c0b48c29d9dace900d7fe75,,,,,,,,,,,,,,,6,,,,,,,,,,
bluesnail,monster,파란 달팽이,,normal,10,0,40,5,0.3,melee,,,water,1,1,1,ccbed1d932d640e2b088d60e74ebb1a9,ca6e5b65e1d643838ba920fbbeb32d8f,ca6e5b65e1d643838ba920fbbeb32d8f,af2e35a7899d4cc18e4f4aec7f8e9f06,938c814d2142406c8a6480ee2b025ac3,1,0,,,,,1,,,,,,,,,,,,,,,,,,,,,,,,,,1,,,,,,,,,,
bluemushroom,monster,파란 버섯,,normal,50,0,70,14,0.4,melee,,,wind,1,1,1,37f823d5d9ad4468a6502ba195317ac1,cc2e07010a6b4023a2a90bffc0888e06,cc2e07010a6b4023a2a90bffc0888e06,1a9a5cc2eb0045bd96b57b3584555a96,98ad22b370a5491b888d25adde7fb907,1,0,,1.2,,,1,,,,,,,,,,,6783b7baa93d49eba29b4d56332f0a7f,,,,,,,,,,,,,,,1,,,,,,,,,,
mushroom_spawn,skill,버섯 호출,배가 고플 때에도 유용합니다.,unique,150,0,,,,,,,,,,,,,,,,,,,,,,,,,,,,,,,,,,,,0,0.88,0,,,a8ea210ce427421ebf4c7d9466c9b887,1,0.08,0.01,,,da989e2d2baa4920b5388bcde0a1f6f9,,,,,,,,,,,무작위 버섯 몬스터를 여섯 소환합니다.
stump,monster,스텀프,,normal,30,0,70,10,0.3,melee,,,,1,1,1,cf2a470436cd4b2aa265648e15198c45,d5de0c972d044d3cad5d0ecb7d8c96e7,d5de0c972d044d3cad5d0ecb7d8c96e7,61a099877bda46309d038afe28acf9f0,755abcabb6504879ad91a62797756950,1,0,,,,,1,,,,,,,,,,b5430bb5b1da4095a3033a408bdbffe3,5a1056a232dd422d933f7e9714c24de5,,,,,,,,,,,,,,,1,,,,,,,,,,
axtump,monster,엑스텀프,,normal,40,0,80,20,0.4,melee,,,earth,1,1,1,9d4f9e8f572548f692438ffa817eb52d,4d833dee5c1b4a2b9e5126a1d263e26d,4d833dee5c1b4a2b9e5126a1d263e26d,8177fddafdcb4bee958ab1aee7a714cc,dc128e1b65f64548841940cadd8e258d,1,0,,,,,1,,,,,,,,,,bcc1777320e547d092985fea3ebff559,5a1056a232dd422d933f7e9714c24de5,,,,,,,,,,,,,,,1,,,,,,,,,,
stumpy,monster,스텀피,,epic,180,0,140,25,4,ranged,,,dark,1.25,0.8,1,0b6c2f6faccc44da980ce832ab636bf6,36e33516befa4b2db894d0c7f105b97e,7731041d2d2d4d1daaef345c1c8d8ef5,e1b4fc8f0f0f4991b13728ad30c40039,68ca2cd0ecc04b318660b2b3f14e2acd,1.5,1,,,,c6b3f052e977479ea5ad5329ce0981ca,1,,,,,504e309cd9214acf94d450ed1c2a60a6,,,,01c18b475d034421a49eceb0e8177dab,38584ee025144ddaa0de1d529928a949,4c3420d74b6e4ef59493d09ec1edc5ca,,,,,,,,,,,,,,,1,,,,,,,,,,
octopus,monster,옥토퍼스,,rare,28,0,80,8,0.4,melee_area,,2,water,1,1,1,3e5f23a5c00541c698fe3836b1ea244d,3e5f23a5c00541c698fe3836b1ea244d,3e5f23a5c00541c698fe3836b1ea244d,a88d9b3d60f941e4890dc89a6ccaa8ee,c3cf643b618346c7bfa6574187b396f9,1,0,,,,,1,,,,,,,,,,,,,,,,,,,,,,,,,,1,,,,,,,,,,
wrath,monster,레이스,,epic,75,0,80,7,0.4,melee,,,,0.4,1.75,1,2f11969b1f694825ac8ad13635711c5b,2f11969b1f694825ac8ad13635711c5b,2f11969b1f694825ac8ad13635711c5b,e8b502ac4eb14d348eaf516273761e8b,23a95f12278c491bb7358ca69540c206,1,0,,,,,1,,,,,,,,,,fa97b21bee354e1180b779c5ef0b3066,,,,,,,,,,,,,,,,1,,,,,,,,,,
stizy,monster,스티지,,rare,50,0,25,10,0.4,melee,,,,0.8,1.75,1,d548c5a6486f48389dd7e1f7e9478d56,d548c5a6486f48389dd7e1f7e9478d56,d548c5a6486f48389dd7e1f7e9478d56,c35ef416adaf4add902a62caadfbfe18,1e543e3e410a4a27a3a4514f0e963d6e,1,0,,,,,1,,,,,,,,,,,9571ec1cdf9c4fed9087cfdd98ac68bd,,,,,,,,,,,,,,,2,,,,,,,,,,
