UnitId,EffectId,Trigger,Target,Chance,Duration,Power,#Memo
golem,tough,always,self,100,,,"유닛이 가진 효과 규칙(유닛 하나에 여러 줄 가능). Trigger = on_hit(이 유닛의 공격이 적에게 피해를 줄 때) / always(생성될 때 자신에게 지속 적용). Target = target(맞은 적) / self(자신, always 전용). Chance = on_hit일 때 걸릴 확률(%), always는 100. Duration·Power = 효과 표의 값을 이 유닛만 바꿀 때(빈칸 = 효과 표 값). 확률은 전부 잠정값 20"
pixie,warp,on_hit,target,20,,,
mushmom,blow,on_hit,target,20,,,
whitefang,nullify,on_hit,target,20,,,
zombielupin,curse,on_hit,target,20,,,
wongong,warp,on_hit,target,20,,,
samiho,curse,on_hit,target,20,,,
skeleton,curse,on_hit,target,20,,,
harp,warp,on_hit,target,20,,,
tauromacis,blow,on_hit,target,20,,,
lycan,nullify,on_hit,target,20,,,
swoo,blow,on_hit,target,20,,,
slimestone,summon_slime,always,self,100,,,
bulldog,blow,on_hit,target,25,,,
grupin,icy,on_hit,target,50,2,50,
blue_mushmom,blow,on_hit,target,40,,,
blue_mushmom,tough,always,self,100,,,
dark_golem,curse,on_hit,target,60,,,
dark_golem,tough,always,self,100,,,
mano,nullify,on_hit,target,40,,,
mano,tough,always,self,100,,50,
ribbonpig,siege,always,self,100,,,
ironhog,siege,always,self,100,,,
ironhog,tough,always,self,100,,20,
thronemushroom,reflect,always,self,100,,,
axtump,ignore,always,self,100,,,
stumpy,ignore,always,self,100,,,
